exp_num,experiment_id,status,hypothesis,prior,prior_label,posterior,posterior_label,surprise,surprise_label,is_surprising,parent_id,n_children,runtime_s,created_at,objective,analysis_snippet,folder
1,node_2_0,SUCCEEDED,"Security-related harm types are exclusively associated with 'Integration Readiness' competency gaps, whereas non-security harms (Privacy, Bias, Safety) are predominantly associated with 'Trust Readiness' gaps.",0.5,Uncertain,0.1281,Likely False,-0.4316,Strong Negative (hypothesis contradicted),True,node_1_0,3,186.2,2026-02-20T21:31:16.718272+00:00,Test the alignment between harm categories and competency bundles.,The experiment tested the hypothesis that Security harms align with 'Integration Readiness' gaps and Non-Security harms with 'Trust Readiness' gaps. The results leads to the rejection of this hypothes,EXP_001_node_2_0
2,node_2_1,SUCCEEDED,"Competencies classified as 'Integration Readiness' have significantly higher empirical 'Confidence' scores in the literature than 'Trust Readiness' competencies, reflecting a mature engineering body of knowledge versus a nascent governance frameworks.",0.7581,Likely True,0.1942,Likely False,-0.6544,Strong Negative (hypothesis contradicted),True,node_1_0,3,169.3,2026-02-20T21:31:16.722208+00:00,Compare the evidence confidence levels between bundles.,"The experiment successfully loaded 'step2_competency_statements.csv' and mapped the categorical 'confidence' levels to numerical scores (High=3, Medium=2, Low=1). 

Descriptive statistics show nearly ",EXP_002_node_2_1
3,node_2_2,SUCCEEDED,"The 'Uncovered' sub-competencies (those with zero mapped incidents) are disproportionately concentrated in the 'Trust Readiness' bundle, indicating that current AI incident reporting frameworks under-represent governance failures compared to engineering failures.",0.7419,Likely True,0.1901,Likely False,-0.6405,Strong Negative (hypothesis contradicted),True,node_1_0,3,133.4,2026-02-20T21:34:23.973903+00:00,Analyze the distribution of coverage gaps across bundles.,The code successfully loaded the 'step3_coverage_map.csv' dataset and performed the requested statistical analysis. The contingency table revealed a perfectly symmetrical distribution of coverage gaps,EXP_003_node_2_2
4,node_2_3,SUCCEEDED,"There has been a significant temporal shift in AI incident characteristics, where the proportion of 'Integration Readiness' gaps has increased relative to 'Trust Readiness' gaps in incidents occurring post-2023 compared to pre-2023.",0.5417,Uncertain,0.6667,Maybe True,0.1451,Mild Positive (hypothesis somewhat supported),True,node_1_0,3,216.2,2026-02-20T21:34:23.975228+00:00,Evaluate the time-based evolution of competency gap types.,The experiment successfully analyzed the temporal evolution of competency gaps across 52 incidents. The data was split into Pre-2023 (n=19) and Post-2023 (n=33) periods. The analysis reveals a directi,EXP_004_node_2_3
5,node_2_4,SUCCEEDED,"Regulatory frameworks (e.g., EU AI Act, NIST AI RMF) map disproportionately to 'Trust Readiness' competencies, whereas technical frameworks (e.g., OWASP, NIST GenAI) map disproportionately to 'Integration Readiness', indicating a structural decoupling between policy requirements and engineering implementation.",0.7419,Likely True,0.7479,Likely True,0.007,Neutral (no significant belief shift),False,node_1_0,2,149.9,2026-02-20T21:38:01.380222+00:00,Quantify the association between source framework types and competency bundles.,The experiment successfully mapped the 42 governance requirements to 'Policy' (n=28) and 'Technical' (n=14) source categories. The contingency table reveals a distinct directional trend: Technical sou,EXP_005_node_2_4
6,node_2_5,SUCCEEDED,"Competency statements classified as 'Trust Readiness' require a significantly higher number of distinct architecture controls to satisfy than 'Integration Readiness' competencies, reflecting the diffuse and multi-faceted nature of governance implementation.",0.7417,Likely True,0.1854,Likely False,-0.6456,Strong Negative (hypothesis contradicted),True,node_1_0,2,181.2,2026-02-20T21:38:01.381337+00:00,Analyze the 'control density' of governance requirements vs. engineering requirements.,The experiment successfully analyzed the 'control density' of governance requirements by processing `step2_crosswalk_matrix.csv`. The results contradict the initial hypothesis that 'Trust Readiness' c,EXP_006_node_2_5
7,node_2_6,SUCCEEDED,"Incidents characterized by 'Integration Readiness' failures exhibit significantly higher attack complexity (measured by technique count) than 'Trust Readiness' failures, suggesting that engineering gaps are exploited via complex technical chains while governance gaps are exploited via simpler mechanisms.",0.6774,Maybe True,0.626,Maybe True,-0.0596,Mild Negative (hypothesis weakened),False,node_1_0,2,161.4,2026-02-20T21:41:03.697781+00:00,Compare the mean technique count of incidents across competency split categories.,The experiment successfully loaded the 'step3_incident_coding.csv' dataset and performed the requested comparative analysis. Filtering for 'Trust-Dominant' and 'Integration-Dominant' splits resulted i,EXP_007_node_2_6
8,node_2_7,SUCCEEDED,"Architecture controls that function as 'Hubs' (mapping to >5 governance requirements) are significantly more likely to be missing in reported incidents than 'Spoke' controls (mapping to <=5 requirements), validating their criticality.",0.7419,Likely True,0.5124,Uncertain,-0.2664,Mild Negative (hypothesis weakened),True,node_1_0,3,477.1,2026-02-20T21:41:03.699733+00:00,Correlate control theoretical centrality with empirical failure rates.,The experiment successfully correlated governance centrality with incident frequency using a keyword-based proxy to resolve the schema mismatch between datasets. The results demonstrate a statisticall,EXP_008_node_2_7
9,node_3_0,SUCCEEDED,"Competency statements with 'High' evidence confidence map to a significantly higher number of architecture controls than those with 'Medium' or 'Low' confidence, reflecting a maturity bias in the framework.",0.6875,Maybe True,0.1447,Likely False,-0.6299,Strong Negative (hypothesis contradicted),True,node_2_5,3,188.3,2026-02-20T21:49:01.962808+00:00,Explore the relationship between the strength of literature evidence and the architectural complexity of the resulting competency.,"The experiment successfully analyzed the relationship between evidence confidence and architectural complexity. 

**Descriptive Statistics:**
- **High Confidence:** n=36, Mean=1.86 controls, Std Dev=0",EXP_009_node_3_0
10,node_3_1,SUCCEEDED,"'Prevention Failures' are predominantly associated with governance (Trust) gaps, whereas 'Detection' and 'Response' failures are significantly more associated with engineering (Integration) gaps.",0.7419,Likely True,0.376,Maybe False,-0.4247,Strong Negative (hypothesis contradicted),True,node_2_1,1,172.9,2026-02-20T21:49:01.963708+00:00,Map failure modes to competency domains.,"The experiment successfully loaded the dataset and categorized the 52 incidents by failure mode. However, the data revealed an extreme class imbalance: 51 incidents were classified as 'prevention_fail",EXP_010_node_3_1
11,node_3_2,SUCCEEDED,"Mitigation gaps related to 'Data' categories appear in significantly more incidents on average than mitigation gaps related to 'Model' or 'System' categories, suggesting data issues are the most pervasive root cause.",0.2823,Likely False,0.0723,Definitely False,-0.2437,Mild Negative (hypothesis weakened),True,node_2_2,1,154.5,2026-02-20T21:52:11.671291+00:00,Compare the frequency of varying mitigation gap categories in real-world incidents.,"The experiment successfully loaded 'step3_mitigation_gaps.csv' and identified three actual mitigation categories: 'Policy' (n=7), 'Technical - Cyber' (n=12), and 'Technical - ML' (n=16). While the hyp",EXP_011_node_3_2
12,node_3_3,SUCCEEDED,The presence of 'Prompt Injection' techniques in an incident is a significant predictor that the primary failure mode is a 'Prevention Failure' rather than a 'Detection' or 'Response' failure.,0.9597,Definitely True,0.4318,Maybe False,-0.6126,Strong Negative (hypothesis contradicted),True,node_2_0,2,202.4,2026-02-20T21:52:11.672710+00:00,Test if specific attack techniques force specific failure modes.,The experiment successfully analyzed the relationship between 'Prompt Injection' techniques and 'Prevention Failure' modes. The data reveals a significant class imbalance: 51 out of 52 incidents (98%),EXP_012_node_3_3
13,node_3_4,SUCCEEDED,The 'Human-in-the-Loop Approval Gates' architecture control is significantly more prevalent in 'Trust Readiness' governance requirements than in 'Integration Readiness' requirements.,0.8226,Likely True,0.2107,Likely False,-0.7101,Strong Negative (hypothesis contradicted),True,node_2_5,2,149.9,2026-02-20T21:55:35.554554+00:00,Verify if human oversight mechanisms are structurally bound to Trust competencies rather than Integration competencies.,The experiment successfully tested the hypothesis regarding the prevalence of 'Human-in-the-Loop Approval Gates'. The analysis revealed that this architecture control is present in 13.0% (3/23) of 'In,EXP_013_node_3_4
14,node_4_0,SUCCEEDED,The specific adversarial tactics associated with 'Integration Readiness' gaps occur with significantly higher frequency across the incident corpus than tactics associated with 'Trust Readiness' gaps.,0.5652,Maybe True,0.1283,Likely False,-0.5071,Strong Negative (hypothesis contradicted),True,node_3_0,2,167.5,2026-02-20T21:55:35.560153+00:00,Compare the prevalence of adversarial tactics between the two bundles.,"The experiment successfully analyzed `step3_tactic_frequency.csv` to compare the frequency of adversarial tactics associated with 'Trust Readiness' versus 'Integration Readiness'.

**Descriptive Stati",EXP_014_node_4_0
15,node_3_5,SUCCEEDED,Incidents that expose 'Integration Readiness' gaps involve a significantly higher number of adversarial techniques (higher complexity) than those exposing 'Trust Readiness' gaps.,0.7177,Likely True,0.3698,Maybe False,-0.4038,Strong Negative (hypothesis contradicted),True,node_2_1,3,177.6,2026-02-20T21:58:24.793981+00:00,Determine if technical engineering failures correlate with more complex multi-step attacks compared to policy failures.,The experiment successfully tested the hypothesis that incidents involving 'Integration Readiness' gaps (engineering failures) are associated with higher attack complexity (technique count) than 'Trus,EXP_015_node_3_5
16,node_4_1,SUCCEEDED,Adversarial tactics associated with the 'Integration' domain have a significantly higher frequency of occurrence in incidents than tactics associated with the 'Trust' domain.,0.2984,Likely False,0.2624,Likely False,-0.0418,Neutral (no significant belief shift),False,node_3_1,0,169.5,2026-02-20T21:58:24.795716+00:00,Evaluate the empirical frequency of tactics based on their mapped competency domain.,"The experiment successfully loaded the 'step3_tactic_frequency.csv' dataset and analyzed the frequency of 16 adversarial tactics categorized by competency domain.

**Findings:**
- **Integration Readin",EXP_016_node_4_1
17,node_4_2,SUCCEEDED,"There is a statistically significant positive temporal trend in AI incident complexity, with later incidents involving a higher number of distinct attack techniques.",0.7177,Likely True,0.9277,Definitely True,0.2437,Mild Positive (hypothesis somewhat supported),True,node_3_3,1,170.2,2026-02-20T22:01:23.899051+00:00,Test for an increase in attack complexity over time.,The experiment successfully validated the hypothesis that AI incident complexity is increasing over time. Analysis of 52 incidents from 'step3_incident_coding.csv' spanning 2016 to 2026 revealed a sta,EXP_017_node_4_2
18,node_3_6,SUCCEEDED,Integration Readiness competencies necessitate a significantly more complex architectural footprint (measured by the count of applicable controls) compared to Trust Readiness competencies.,0.4,Maybe False,0.2875,Likely False,-0.1306,Mild Negative (hypothesis weakened),True,node_2_0,2,171.6,2026-02-20T22:01:23.901368+00:00,Determine if Integration competencies differ structurally from Trust competencies by requiring a higher density of architecture controls.,The experiment successfully tested the hypothesis that Integration Readiness competencies require a significantly more complex architectural footprint than Trust Readiness competencies. The code loade,EXP_018_node_3_6
19,node_4_3,SUCCEEDED,"Incidents attributed to 'Trust Readiness' competency gaps are significantly more likely to result in 'Privacy' harms compared to 'Integration Readiness' gaps, which are predominantly associated with 'Security' harms.",0.7339,Likely True,0.343,Maybe False,-0.4537,Strong Negative (hypothesis contradicted),True,node_3_4,2,227.0,2026-02-20T22:04:16.927960+00:00,Verify if the type of competency gap (Trust vs Integration) predicts the specific category of harm using statistical association testing.,The experiment successfully tested the association between competency gap types (Trust vs. Integration) and harm types (Privacy vs. Security). Due to the high prevalence of incidents classified as 'bo,EXP_019_node_4_3
20,node_3_7,SUCCEEDED,"The 'Exfiltration' tactic is uniquely associated with 'Integration Readiness' gaps (lack of egress filtering), whereas 'Reconnaissance' is independent of competency bundle, indicating it is a universal precursor.",0.6129,Maybe True,0.1942,Likely False,-0.4859,Strong Negative (hypothesis contradicted),True,node_2_7,2,280.2,2026-02-20T22:04:16.930018+00:00,Validate the bundle-specificity of distinct adversarial tactics.,"The experiment successfully correlated adversarial tactics with competency bundle orientation using the correct MITRE ATLAS IDs (AML.TA0010 for Exfiltration, AML.TA0002 for Reconnaissance). The hypoth",EXP_020_node_3_7
21,node_4_4,SUCCEEDED,"The 'Audit Logging & Telemetry' architecture control is mapped to a significantly higher number of governance requirements than the average of all other controls, indicating its role as a foundational 'super-control'.",0.7742,Likely True,0.1983,Likely False,-0.6683,Strong Negative (hypothesis contradicted),True,node_3_2,1,213.1,2026-02-20T22:08:58.646822+00:00,Quantify the centrality of 'Audit Logging & Telemetry' compared to other controls.,The experiment successfully loaded 'step2_crosswalk_matrix.csv' and quantified the mapping frequency for all 18 architecture controls. Contrary to the hypothesis that 'Audit Logging & Telemetry' acts ,EXP_021_node_4_4
22,node_3_8,SUCCEEDED,"Competencies classified as 'Integration Readiness' require a significantly higher number of distinct architecture controls to implement than those classified as 'Trust Readiness', reflecting a higher technical complexity.",0.5333,Uncertain,0.3208,Maybe False,-0.2466,Mild Negative (hypothesis weakened),True,node_2_2,2,193.1,2026-02-20T22:08:58.648356+00:00,Compare the architectural 'density' (number of required controls) between the two competency bundles.,"The experiment was successfully executed. The 'step2_competency_statements.csv' dataset was loaded, and the 'control_count' feature was correctly derived by counting semicolon-separated entries in the",EXP_022_node_3_8
23,node_3_9,SUCCEEDED,"Trust Readiness competency statements map to a significantly higher number of unique architecture controls per statement than Integration Readiness statements, indicating that governance competencies are architecturally more diffuse/cross-cutting.",0.7328,Likely True,0.1912,Likely False,-0.6286,Strong Negative (hypothesis contradicted),True,node_2_3,2,180.1,2026-02-20T22:12:33.460679+00:00,Analyze the architectural density of different competency bundles.,The experiment successfully analyzed the architectural density of competency bundles using 'step2_competency_statements.csv'. The hypothesis that 'Trust Readiness' statements map to a significantly hi,EXP_023_node_3_9
24,node_3_10,SUCCEEDED,"Incidents classified as 'Detection Failures' or 'Response Failures' are significantly more likely to be mapped to 'Integration Readiness' gaps (lack of monitoring infrastructure) compared to 'Prevention Failures', which associate with 'Trust Readiness'.",0.7742,Likely True,0.5904,Maybe True,-0.2133,Mild Negative (hypothesis weakened),True,node_2_7,0,200.8,2026-02-20T22:12:33.464050+00:00,Link the ATLAS failure mode lifecycle (Prevent/Detect/Respond) to competency bundles.,"The experiment successfully processed the incident dataset to test the relationship between failure modes (Prevention vs. Post-Breach) and competency bundles. However, the analysis reveals that the da",EXP_024_node_3_10
25,node_4_5,SUCCEEDED,Theoretical propositions with 'High' confidence assessments are supported by a significantly higher quantity of empirical 'Atlas Evidence' than those with 'Medium' or 'Low' confidence.,0.8387,Likely True,0.7727,Likely True,-0.0766,Mild Negative (hypothesis weakened),False,node_3_9,0,131.9,2026-02-20T22:15:55.778492+00:00,Validate the internal consistency of the proposition confidence scoring.,"The experiment successfully tested the hypothesis regarding the correlation between proposition confidence and empirical evidence quantity. 

**Data Loading:** The dataset `step4_propositions.csv` was",EXP_025_node_4_5
26,node_3_11,SUCCEEDED,There is a positive correlation between the operational complexity of a sub-competency (measured by the number of its defined observable practices) and its frequency of implication in real-world AI incidents.,0.7097,Likely True,0.5739,Maybe True,-0.1576,Mild Negative (hypothesis weakened),True,node_2_3,0,332.1,2026-02-20T22:15:55.782118+00:00,To determine if sub-competencies that are more operationally complex (having more defined practices) are more prone to failure or gaps in real-world scenarios.,"The experiment was successfully executed, loading the datasets and merging them to identify 8 common sub-competencies. However, the calculated independent variable, 'Operational Complexity' (derived f",EXP_026_node_3_11
27,node_4_6,SUCCEEDED,There is a significant positive correlation between the number of architecture controls a requirement maps to (control density) and the evidence confidence of the resulting competency statement.,0.6452,Maybe True,0.1653,Likely False,-0.5569,Strong Negative (hypothesis contradicted),True,node_3_4,2,195.3,2026-02-20T22:21:29.454615+00:00,"Determine if highly specific, well-evidenced competencies drive more complex architectural requirements.",The experiment successfully analyzed the relationship between architecture control density and evidence confidence. The analysis of 42 competency statements yielded a Spearman correlation coefficient ,EXP_027_node_4_6
28,node_5_0,SUCCEEDED,"The mapping of governance requirements to architecture controls follows a Pareto distribution, where the top 20% of architecture controls address at least 80% of the total governance requirements.",0.7419,Likely True,0.1901,Likely False,-0.6405,Strong Negative (hypothesis contradicted),True,node_4_3,2,199.2,2026-02-20T22:21:29.457299+00:00,Verify if a small subset of 'keystone' architecture controls disproportionately satisfies governance obligations.,The experiment successfully tested the Pareto distribution hypothesis on the mapping between governance requirements and architecture controls. The analysis identified 18 unique architecture controls.,EXP_028_node_5_0
29,node_4_7,SUCCEEDED,"Incidents linked to 'Trust Readiness' deficiencies are significantly more likely to manifest as 'Prevention Failures', whereas 'Integration Readiness' deficiencies are more likely to manifest as 'Detection' or 'Response' failures.",0.7419,Likely True,0.3698,Maybe False,-0.4319,Strong Negative (hypothesis contradicted),True,node_3_0,2,331.9,2026-02-20T22:24:50.671116+00:00,To statistically validate whether governance-related (Trust) gaps correlate with prevention failures while engineering (Integration) gaps correlate with detection/response failures.,"The experiment successfully analyzed the relationship between readiness deficiencies and failure modes using the 6 incidents where a dominant gap was identified (4 'Integration-dominant', 2 'Trust-dom",EXP_029_node_4_7
30,node_3_12,SUCCEEDED,"Governance requirements derived from the 'NIST AI RMF' family map to a significantly higher number of architecture controls per requirement than those from the 'EU AI Act', suggesting a higher density of technical prescription in the NIST framework.",0.2903,Likely False,0.2603,Likely False,-0.0348,Neutral (no significant belief shift),False,node_2_6,1,221.3,2026-02-20T22:24:50.673605+00:00,Compare the 'Control Density' (number of mapped controls) between NIST-sourced and EU-sourced requirements.,The experiment successfully loaded the 'step2_crosswalk_matrix.csv' dataset and calculated the 'Control Density' for each governance requirement. The data was split into two groups: NIST-sourced requi,EXP_030_node_3_12
31,node_3_13,SUCCEEDED,"Incidents with distinct 'Trust' or 'Integration' dominance show different failure mode distributions (Prevention vs. Detection/Response), indicating a structural dependency between the nature of the competency gap and the incident lifecycle stage.",0.7419,Likely True,0.4876,Uncertain,-0.2952,Mild Negative (hypothesis weakened),True,node_2_2,2,247.0,2026-02-20T22:30:24.449015+00:00,Investigate if the nature of the competency gap (Trust-dominant vs. Integration-dominant) predicts how the failure manifests (Prevention vs. Detection/Response) by analyzing the subset of incidents with distinct dominances.,The experiment successfully loaded the 'step3_incident_coding.csv' dataset (n=52) and filtered for incidents with distinct competency dominances (excluding 'both'). The analysis revealed an extreme la,EXP_031_node_3_13
32,node_3_14,SUCCEEDED,"The 'Integration Readiness' bundle exhibits significantly higher internal cohesion (similarity between control mappings) than the 'Trust Readiness' bundle, implying that engineering requirements are more standardized while governance requirements are more heterogeneous.",0.7321,Likely True,0.1737,Likely False,-0.6481,Strong Negative (hypothesis contradicted),True,node_2_4,1,175.3,2026-02-20T22:30:24.450927+00:00,Quantify and compare the internal consistency of control mappings within each bundle.,"The experiment successfully calculated and compared the internal consistency of the two competency bundles. Contrary to the hypothesis that 'Integration Readiness' would exhibit higher cohesion, the r",EXP_032_node_3_14
33,node_3_15,SUCCEEDED,"Attacks that successfully trigger a 'Response Failure' are significantly more complex (higher technique count) than those resulting in 'Prevention Failure', suggesting that complex attacks are more likely to bypass initial defenses and require reactive mitigation.",0.7419,Likely True,0.7206,Likely True,-0.0248,Neutral (no significant belief shift),False,node_2_4,0,181.2,2026-02-20T22:34:32.969262+00:00,Assess the relationship between failure modes and attack complexity.,The experiment successfully loaded the dataset but revealed a critical data distribution issue that prevented testing the specific hypothesis regarding 'Response Failure'. The 'step3_incident_coding.c,EXP_033_node_3_15
34,node_4_8,SUCCEEDED,"The mapping of governance requirements to architecture controls follows a Pareto-like distribution, where a small minority of 'Keystone' controls accounts for a disproportionately large share of regulatory mappings.",0.8871,Likely True,0.9711,Definitely True,0.0975,Mild Positive (hypothesis somewhat supported),False,node_3_14,0,151.0,2026-02-20T22:34:32.971239+00:00,Assess the distribution of control applicability to identify potential bottlenecks or central hubs.,The experiment successfully tested the hypothesis that architecture control mappings follow a Pareto-like distribution. Analysis of 'step2_crosswalk_matrix.csv' revealed a total of 77 mappings across ,EXP_034_node_4_8
35,node_5_1,SUCCEEDED,"Sub-competencies classified under 'Integration Readiness' have significantly higher empirical validation (incident counts) than 'Trust Readiness' sub-competencies, suggesting that technical failures are more readily observed or reported than governance gaps.",0.7097,Likely True,0.1818,Likely False,-0.6126,Strong Negative (hypothesis contradicted),True,node_4_6,1,179.4,2026-02-20T22:37:35.714252+00:00,Compare the distribution of incident counts between the two competency bundles.,The experiment successfully compared the empirical validation (incident counts) of 'Integration Readiness' versus 'Trust Readiness' sub-competencies using the `step3_coverage_map.csv` dataset. The ana,EXP_035_node_5_1
36,node_6_0,SUCCEEDED,The distribution of failure modes (Prevention vs. Detection/Response) differs significantly between Trust-dominant and Integration-dominant incidents.,0.7581,Likely True,0.3802,Maybe False,-0.4386,Strong Negative (hypothesis contradicted),True,node_5_0,0,229.4,2026-02-20T22:37:35.715523+00:00,Assess if the nature of the competency gap (Trust vs Integration) influences whether the failure is a prevention failure or a detection/response failure.,The experiment successfully loaded the 'step3_incident_coding.csv' dataset and attempted to test the dependency between Incident Failure Mode (Prevention vs. Detection/Response) and Competency Gap Bun,EXP_036_node_6_0
37,node_3_16,SUCCEEDED,"Sub-competencies defined with greater semantic breadth (higher word count in definition) have significantly higher empirical incident coverage, suggesting that vague competencies artificially capture more failure cases.",0.7419,Likely True,0.376,Maybe False,-0.4247,Strong Negative (hypothesis contradicted),True,node_2_7,2,267.2,2026-02-20T22:41:27.663869+00:00,Assess if definition granularity biases incident mapping coverage.,"The experiment successfully tested the hypothesis linking definition semantic breadth (word count) to incident coverage. By merging 'step1_sub_competencies.csv' and 'step3_coverage_map.csv', 8 common ",EXP_037_node_3_16
38,node_4_9,SUCCEEDED,"The complexity of an AI attack, measured by the number of adversarial techniques employed, is positively correlated with the breadth of the organizational competency gap (number of missing sub-competencies).",0.6048,Maybe True,0.8988,Likely True,0.3411,Strong Positive (hypothesis strengthened),True,node_3_7,0,169.7,2026-02-20T22:41:27.704287+00:00,Determine if multi-step attacks expose a wider range of organizational deficits than simpler attacks.,The experiment successfully validated the hypothesis that attack complexity (measured by technique count) is strongly correlated with the breadth of organizational competency gaps. Analysis of the 52 ,EXP_038_node_4_9
39,node_5_2,SUCCEEDED,"Competency statements classified as 'Integration Readiness' are supported by a significantly higher density of literature evidence (citations) than 'Trust Readiness' statements, reflecting a larger volume of technical guidance compared to governance guidance.",0.7339,Likely True,0.188,Likely False,-0.6335,Strong Negative (hypothesis contradicted),True,node_4_0,1,208.9,2026-02-20T22:45:56.534109+00:00,Compare the empirical grounding strength between the two competency bundles.,"The experiment successfully analyzed the density of literature evidence supporting the two competency bundles. 

**Descriptive Statistics:**
- **Trust Readiness (n=19):** Mean = 2.21 citations, Std De",EXP_039_node_5_2
40,node_4_10,SUCCEEDED,"Incidents classified as involving 'Both' Trust and Integration failures (multi-domain) exhibit a significantly higher 'technique_count' than incidents classified as single-domain failures, supporting the theory that multi-domain failures represent more sophisticated threats.",0.7419,Likely True,0.1901,Likely False,-0.6405,Strong Negative (hypothesis contradicted),True,node_3_0,2,242.6,2026-02-20T22:45:56.535188+00:00,Assess whether the complexity of an attack (technique count) is associated with the breadth of the competency gap (single vs. dual bundle) using the correct file path.,"The experiment successfully analyzed the relationship between incident complexity (number of ATLAS techniques) and competency gap breadth (Multi-Domain vs. Single-Domain). 

**Descriptive Statistics:*",EXP_040_node_4_10
41,node_4_11,SUCCEEDED,"There is a statistically significant positive correlation between the incident date and the attack complexity (technique count), reflecting the increasing sophistication of adversarial AI threats over time.",0.621,Maybe True,0.9029,Definitely True,0.3272,Strong Positive (hypothesis strengthened),True,node_3_5,0,180.2,2026-02-20T22:50:00.976698+00:00,Analyze the temporal trend of attack complexity in AI incidents.,The experiment successfully analyzed the temporal trend of AI incident complexity using the 'step3_enrichments.json' dataset (n=52). The analysis confirmed a statistically significant positive correla,EXP_041_node_4_11
42,node_3_17,SUCCEEDED,"Governance requirements classified as 'Trust Readiness' map to a significantly higher number of architecture controls than 'Integration Readiness' requirements, indicating that governance interventions are structurally broader and more cross-cutting.",0.7419,Likely True,0.1901,Likely False,-0.6405,Strong Negative (hypothesis contradicted),True,node_2_1,3,195.9,2026-02-20T22:50:00.989530+00:00,Compare the architectural breadth (control density) of Trust vs. Integration requirements.,"The experiment successfully loaded 'step2_crosswalk_matrix.csv' and quantified the architectural breadth of governance requirements by summing the mapped controls for each row.

**Key Findings:**
- **",EXP_042_node_3_17
43,node_5_3,SUCCEEDED,"Incidents causing 'Security' harms are significantly more likely to involve simultaneous 'Both' (Trust & Integration) gaps compared to 'Reliability' incidents, which are more likely to be isolated to a single domain.",0.7419,Likely True,0.1963,Likely False,-0.6333,Strong Negative (hypothesis contradicted),True,node_4_7,1,354.3,2026-02-20T22:53:18.289795+00:00,To explore if security incidents are more systemic (involving both governance and engineering failures) compared to reliability incidents.,"The experiment successfully analyzed the relationship between 'harm_type' and the scope of competency gaps ('gap_scope') using the 'step3_incident_coding.csv' dataset. 

**Descriptive Statistics:**
- ",EXP_043_node_5_3
44,node_5_4,SUCCEEDED,"Incidents characterized by 'Security' harm types are significantly more likely to be classified as 'Prevention Failures' compared to Non-Security harms (Privacy, Reliability, etc.), which are more likely to be Detection/Response failures.",0.7419,Likely True,0.2,Likely False,-0.629,Strong Negative (hypothesis contradicted),True,node_4_10,1,322.0,2026-02-20T22:53:18.291850+00:00,Investigate the relationship between Harm Type and Failure Mode.,"The experiment was successfully executed, utilizing 'step3_incident_coding.csv' to test the relationship between Harm Type and Failure Mode. 

**Descriptive Statistics:**
- **Non-Security Harms:** n=1",EXP_044_node_5_4
45,node_4_12,SUCCEEDED,"The diagnostic complexity of AI incidents, measured by the length of the LLM's reasoning trace, is significantly higher for incidents involving both Trust and Integration failures compared to those with isolated failures.",0.7419,Likely True,0.1963,Likely False,-0.6333,Strong Negative (hypothesis contradicted),True,node_3_13,1,184.2,2026-02-20T22:59:14.703177+00:00,Use the length of the chain-of-thought analysis as a proxy for cognitive complexity and compare across failure types.,The experiment successfully loaded the 'step3_enrichments.json' dataset and performed an independent samples t-test to compare the length of the 'chain_of_thought' reasoning trace between incidents in,EXP_045_node_4_12
46,node_5_5,SUCCEEDED,"The 'Human-in-the-Loop Approval Gates' architecture control is mapped significantly more frequently to 'Trust Readiness' requirements than to 'Integration Readiness' requirements, statistically confirming its role as a governance-enforcing control rather than an engineering utility.",0.7903,Likely True,0.2025,Likely False,-0.6822,Strong Negative (hypothesis contradicted),True,node_4_4,1,221.5,2026-02-20T22:59:14.704752+00:00,Determine the bundle affinity of the 'Human-in-the-Loop Approval Gates' control.,The experiment successfully loaded 'step2_crosswalk_matrix.csv' and analyzed the bundle affinity of the 'Human-in-the-Loop Approval Gates' control. The hypothesis predicted that this control would be ,EXP_046_node_5_5
47,node_4_13,SUCCEEDED,"There is a significant structural alignment between source frameworks and competency bundles: regulatory frameworks (e.g., EU AI Act) disproportionately drive 'Trust Readiness', while technical frameworks (e.g., OWASP Top 10 LLM) drive 'Integration Readiness'.",0.9355,Definitely True,0.7975,Likely True,-0.1601,Mild Negative (hypothesis weakened),True,node_3_13,0,244.4,2026-02-20T23:02:58.374044+00:00,Test the independence between the source framework and the resulting competency bundle.,The experiment tested the hypothesis that regulatory frameworks (EU AI Act) align with 'Trust Readiness' while technical frameworks (OWASP Top 10 LLM) align with 'Integration Readiness'. The analysis ,EXP_047_node_4_13
48,node_5_6,SUCCEEDED,Incidents involving 'Both' Trust and Integration failures exhibit higher attack sophistication (measured by technique count) than those involving single-domain failures.,0.7419,Likely True,0.2087,Likely False,-0.6189,Strong Negative (hypothesis contradicted),True,node_4_12,0,158.1,2026-02-20T23:02:58.375397+00:00,Investigate if multi-domain failures correlate with more complex attacks.,The experiment successfully tested the hypothesis that incidents involving multi-domain failures ('Both' Trust and Integration gaps) exhibit higher attack sophistication than single-domain failures. U,EXP_048_node_5_6
49,node_5_7,SUCCEEDED,"The 'Audit Logging & Telemetry' architecture control is significantly more prevalent in 'Trust Readiness' requirements than in 'Integration Readiness' requirements, serving as a primary mechanism for governance verification.",0.7984,Likely True,0.2045,Likely False,-0.6892,Strong Negative (hypothesis contradicted),True,node_4_6,1,212.0,2026-02-20T23:07:04.766382+00:00,Verify if observability controls are structurally biased towards governance bundles by comparing the frequency of the 'Audit Logging & Telemetry' control in 'Trust Readiness' versus 'Integration Readiness' requirements.,The experiment successfully analyzed the prevalence of 'Audit Logging & Telemetry' in 'step2_crosswalk_matrix.csv' after correcting the file path. The data reveals that this architecture control is ex,EXP_049_node_5_7
50,node_6_1,SUCCEEDED,"Competency statements classified as 'Trust Readiness' are linguistically more complex (higher word count) than 'Integration Readiness' statements, reflecting the verbosity of policy language vs. engineering brevity.",0.7339,Likely True,0.188,Likely False,-0.6335,Strong Negative (hypothesis contradicted),True,node_5_1,1,175.8,2026-02-20T23:07:04.771209+00:00,Analyze the linguistic characteristics of the competency bundles.,The experiment successfully tested the hypothesis that 'Trust Readiness' (governance) competency statements are more verbose than 'Integration Readiness' (engineering) statements. The analysis of 42 c,EXP_050_node_6_1
51,node_4_14,SUCCEEDED,Competency statements rated with 'High' confidence are supported by a significantly larger volume of bibliographic evidence (citations) than those rated 'Medium' or 'Low'.,0.7419,Likely True,0.1901,Likely False,-0.6405,Strong Negative (hypothesis contradicted),True,node_3_3,2,171.1,2026-02-20T23:10:38.992771+00:00,Validate if confidence scores correlate with evidence density.,The experiment tested the hypothesis that higher confidence scores in competency statements are driven by a higher volume of bibliographic evidence. The analysis of 'step2_competency_statements.csv' (,EXP_051_node_4_14
52,node_3_18,SUCCEEDED,"The EU AI Act acts as a stronger driver for 'Trust Readiness' requirements, whereas NIST frameworks (AI RMF, GenAI Profile) are biased towards generating 'Integration Readiness' requirements.",0.7419,Likely True,0.1901,Likely False,-0.6405,Strong Negative (hypothesis contradicted),True,node_2_0,2,169.8,2026-02-20T23:10:38.996729+00:00,Analyze the normative frameworks to see if they predispose organizations toward different competency bundles.,The experiment tested the hypothesis that the EU AI Act prioritizes 'Trust Readiness' while NIST frameworks favor 'Integration Readiness'. The results strongly refute this hypothesis. The analysis of ,EXP_052_node_3_18
53,node_5_8,SUCCEEDED,"The 'Human-in-the-Loop Approval Gates' control is significantly more likely to be associated with 'Trust Readiness' requirements than 'Integration Readiness' requirements, serving as a signature control for Trust.",0.879,Likely True,0.2252,Likely False,-0.7588,Strong Negative (hypothesis contradicted),True,node_4_14,2,150.4,2026-02-20T23:13:31.887762+00:00,Test the specificity of the 'Human-in-the-Loop' control to the Trust bundle.,The experiment tested the hypothesis that 'Human-in-the-Loop Approval Gates' is a signature control for the 'Trust Readiness' bundle. The analysis of `step2_crosswalk_matrix.csv` (n=42) revealed that ,EXP_053_node_5_8
54,node_4_15,SUCCEEDED,Incidents categorized as 'Security' harms involve a significantly higher number of distinct adversarial techniques (complexity) compared to 'Non-Security' harms like Reliability or Privacy.,0.7097,Likely True,0.188,Likely False,-0.6054,Strong Negative (hypothesis contradicted),True,node_3_18,2,208.0,2026-02-20T23:13:31.915620+00:00,Assess whether security-related failures are technically more complex (in terms of MITRE ATLAS techniques used) than other failure types.,The experiment tested the hypothesis that security-related incidents involve a significantly higher level of technical complexity (measured by the count of distinct MITRE ATLAS techniques) compared to,EXP_054_node_4_15
55,node_4_16,SUCCEEDED,"Trust and Integration sub-competencies do not form distinct, isolated clusters in real-world failures, but instead form mixed clusters indicating deep interdependence.",0.75,Likely True,0.936,Definitely True,0.2158,Mild Positive (hypothesis somewhat supported),True,node_3_18,0,220.6,2026-02-20T23:17:01.694544+00:00,Use unsupervised learning to analyze the co-occurrence structure of competency gaps.,The experiment successfully tested the hypothesis that Trust and Integration competencies are interdependent rather than isolated. The hierarchical clustering analysis (using Jaccard distance on incid,EXP_055_node_4_16
56,node_5_9,SUCCEEDED,"Competency statements derived from 'OWASP' requirements have significantly higher 'Confidence' scores than those derived from 'NIST' or 'EU' requirements, reflecting stronger consensus on security specificities.",0.7581,Likely True,0.3802,Maybe False,-0.4386,Strong Negative (hypothesis contradicted),True,node_4_15,0,137.6,2026-02-20T23:17:01.695569+00:00,Evaluate if source material type influences the confidence of derived competencies.,The experiment tested the hypothesis that competency statements derived from 'OWASP' requirements have significantly higher confidence scores than those from 'NIST' or 'EU' sources. The analysis of 42,EXP_056_node_5_9
57,node_5_10,SUCCEEDED,"Requirements derived from the 'EU AI Act' mandate a significantly higher number of architecture controls per requirement than those derived from 'NIST AI RMF', reflecting the regulatory intensity of the EU framework.",0.7419,Likely True,0.1963,Likely False,-0.6333,Strong Negative (hypothesis contradicted),True,node_4_10,0,195.9,2026-02-20T23:20:44.229844+00:00,Compare the architectural density (number of controls) of requirements sourced from the EU AI Act versus NIST AI RMF.,"The experiment successfully tested the hypothesis regarding the architectural density of EU AI Act versus NIST AI RMF requirements using the 'step2_crosswalk_matrix.csv' dataset. 

**Descriptive Stati",EXP_057_node_5_10
58,node_6_2,SUCCEEDED,"The 'Human-in-the-Loop Approval Gates' architecture control is significantly more likely to be required by 'Trust Readiness' competencies, whereas 'Nondeterminism Controls' are significantly more associated with 'Integration Readiness'.",0.7419,Likely True,0.376,Maybe False,-0.4247,Strong Negative (hypothesis contradicted),True,node_5_4,0,211.6,2026-02-20T23:20:44.232631+00:00,Validate the structural alignment of specific controls (Human-centric vs. Technical) to their respective bundles.,"The experiment successfully analyzed the relationship between specific architecture controls and competency bundles using 'step2_crosswalk_matrix.csv'. 

**Statistical Results:**
1. **Human-in-the-Loo",EXP_058_node_6_2
59,node_4_17,SUCCEEDED,"Governance requirements classified as 'Trust Readiness' map to a significantly higher number of architecture controls per requirement than 'Integration Readiness' requirements, indicating a higher degree of structural diffuseness.",0.7419,Likely True,0.1963,Likely False,-0.6333,Strong Negative (hypothesis contradicted),True,node_3_5,2,178.9,2026-02-20T23:24:18.203186+00:00,Compare the mean number of mapped architecture controls per governance requirement between the two bundles.,The experiment successfully tested the hypothesis that 'Trust Readiness' governance requirements map to a significantly higher number of architecture controls than 'Integration Readiness' requirements,EXP_059_node_4_17
60,node_4_18,SUCCEEDED,"Adversarial tactics mapped to the 'Integration Readiness' bundle appear with significantly higher frequency in real-world incidents than those mapped to 'Trust Readiness', indicating that technical exploits are more common than governance exploits.",0.6583,Maybe True,0.3396,Maybe False,-0.3699,Strong Negative (hypothesis contradicted),True,node_3_17,1,188.4,2026-02-20T23:24:18.204291+00:00,Compare the incident frequency of tactics across the two competency bundles.,"The experiment successfully loaded 'step3_tactic_frequency.csv' to compare the incident frequency of adversarial tactics across competency bundles. 

**Descriptive Statistics:**
- **Integration Readin",EXP_060_node_4_18
61,node_7_0,SUCCEEDED,"AI incidents resulting in 'Security' harms involve a significantly higher number of adversarial techniques (technique_count) than incidents resulting in 'Privacy' or 'Reliability' harms, indicating that security breaches require more complex kill chains.",0.5887,Maybe True,0.157,Likely False,-0.501,Strong Negative (hypothesis contradicted),True,node_6_1,0,204.3,2026-02-20T23:27:28.395663+00:00,Analyze the relationship between harm type and attack complexity.,"The experiment tested the hypothesis that AI security incidents involve more complex kill chains (higher technique counts) than other harm types (privacy, reliability, etc.). The analysis of 52 case s",EXP_061_node_7_0
62,node_6_3,SUCCEEDED,"The architecture controls 'GenAIOps / MLOps Lifecycle Governance' and 'Evaluation & Monitoring Infrastructure' co-occur in governance requirements significantly more often than expected by chance, indicating a coupled engineering capability.",0.8065,Likely True,0.2128,Likely False,-0.689,Strong Negative (hypothesis contradicted),True,node_5_7,0,259.7,2026-02-20T23:27:28.397302+00:00,Identify structural clustering between operational governance and evaluation infrastructure controls.,The experiment successfully analyzed the relationship between 'GenAIOps / MLOps Lifecycle Governance' and 'Evaluation & Monitoring Infrastructure' using the 'step2_crosswalk_matrix.csv' dataset. The a,EXP_062_node_6_3
63,node_5_11,SUCCEEDED,The 'RAG Architecture & Data Grounding' control is significantly more likely to be required by 'Integration Readiness' competencies than 'Trust Readiness' competencies.,0.1613,Likely False,0.0413,Definitely False,-0.1392,Mild Negative (hypothesis weakened),True,node_4_3,0,196.0,2026-02-20T23:31:50.607528+00:00,Validate the architectural specificity of Retrieval-Augmented Generation controls.,The experiment successfully tested the hypothesis regarding the architectural specificity of 'RAG Architecture & Data Grounding'. The analysis of 42 governance requirements from the `step2_crosswalk_m,EXP_063_node_5_11
64,node_6_4,FAILED,Sub-competencies with 'High' theoretical evidence strength (from Step 1) exhibit significantly higher real-world incident prevalence (from Step 3) than those with 'Medium' or 'Low' evidence.,,Unknown,,Unknown,,N/A,,node_5_0,0,358.1,2026-02-20T23:31:50.608468+00:00,Correct the previous file path error and statistically validate if the strength of academic/standard consensus (Step 1) predicts the frequency of real-world failures (Step 3).,The experiment tested the hypothesis that theoretical evidence strength predicts real-world incident frequency. By manually mapping the disjoint schemas of 'step1_sub_competencies.csv' (Constructs) an,EXP_064_node_6_4
65,node_6_5,SUCCEEDED,"Governance requirements sourced from the 'OWASP Top 10 LLM' are significantly more likely to be classified as 'Integration Readiness' compared to requirements from the 'EU AI Act', reflecting the distinct technical vs. policy focus of these normative frameworks.",0.7419,Likely True,0.7479,Likely True,0.007,Neutral (no significant belief shift),False,node_5_5,0,198.4,2026-02-20T23:37:51.375872+00:00,Determine if there is a statistically significant association between the source of a governance requirement and its capability bundle classification.,The experiment successfully loaded 'step2_crosswalk_matrix.csv' and analyzed the relationship between the source of a governance requirement and its bundle classification. To address previous string m,EXP_065_node_6_5
66,node_4_19,SUCCEEDED,"The architecture controls 'Audit Logging & Telemetry' and 'Incident Response & Recovery Playbooks' exhibit a strong positive correlation in their co-occurrence within governance requirements, suggesting they are treated as a coupled 'Reactive Defense' construct by standard bodies.",0.9677,Definitely True,0.2479,Likely False,-0.8354,Strong Negative (hypothesis contradicted),True,node_3_8,1,278.9,2026-02-20T23:37:51.377724+00:00,Assess the statistical coupling between 'Audit Logging & Telemetry' and 'Incident Response & Recovery Playbooks' using robust methods for sparse data.,The experiment successfully loaded the 'step2_crosswalk_matrix.csv' dataset and tested the coupling between 'Audit Logging & Telemetry' and 'Incident Response & Recovery Playbooks'. The results contra,EXP_066_node_4_19
67,node_4_20,SUCCEEDED,"Regulatory frameworks (e.g., EU AI Act) are significantly more likely to map to 'Trust Readiness' competencies, whereas technical frameworks (e.g., OWASP) map to 'Integration Readiness', revealing a structural 'Governance-Engineering Gap'.",0.7419,Likely True,0.7479,Likely True,0.007,Neutral (no significant belief shift),False,node_3_7,0,169.9,2026-02-20T23:42:32.108239+00:00,Quantify the association between the originating normative framework and the resulting competency bundle classification.,The experiment successfully tested the hypothesis using a Chi-square test of independence on the 'step2_crosswalk_matrix.csv' dataset. The analysis revealed a clear directional trend supporting the hy,EXP_067_node_4_20
68,node_4_21,SUCCEEDED,"Incidents resulting in 'Security' harms are significantly more likely to be characterized as 'Prevention Failures', whereas non-security harms (Reliability, Safety) correlate with 'Detection' or 'Response' failures.",0.7339,Likely True,0.188,Likely False,-0.6335,Strong Negative (hypothesis contradicted),True,node_3_16,1,181.5,2026-02-20T23:42:32.152442+00:00,Assess the relationship between the type of harm and the mode of control failure.,The experiment successfully tested the relationship between harm types and failure modes using the `step3_incident_coding.csv` dataset. The data revealed a near-total lack of variance in the dependent,EXP_068_node_4_21
69,node_5_12,SUCCEEDED,Incidents where 'Human-in-the-Loop' mechanisms are identified as a missing control are significantly more likely to result in 'Reliability' or 'Safety' harms compared to 'Security' harms.,0.7419,Likely True,0.3698,Maybe False,-0.4319,Strong Negative (hypothesis contradicted),True,node_4_18,0,264.1,2026-02-20T23:45:35.524948+00:00,Evaluate the efficacy of human oversight across different harm domains.,The experiment successfully loaded the 'step3_enrichments.json' dataset and performed a Fisher's Exact Test to evaluate the association between missing 'Human-in-the-Loop' controls and harm types (Saf,EXP_069_node_5_12
70,node_4_22,SUCCEEDED,"'Trust Readiness' sub-competencies have a significantly higher mean incident coverage than 'Integration Readiness' sub-competencies, challenging the assumption that AI security is primarily a technical engineering problem.",0.7661,Likely True,0.1963,Likely False,-0.6614,Strong Negative (hypothesis contradicted),True,node_3_17,2,176.2,2026-02-20T23:45:35.526487+00:00,Compare the mean incident counts of sub-competencies between the two bundles.,The experiment successfully tested the hypothesis that 'Trust Readiness' sub-competencies have higher incident coverage than 'Integration Readiness' sub-competencies. The code loaded 'step3_coverage_m,EXP_070_node_4_22
71,node_5_13,SUCCEEDED,"Incidents categorized as 'Security' harms involve a significantly higher level of attack complexity, measured by the number of 'Techniques Used', compared to 'Privacy' or 'Reliability' incidents.",0.6613,Maybe True,0.2128,Likely False,-0.5205,Strong Negative (hypothesis contradicted),True,node_4_14,1,259.5,2026-02-20T23:50:03.060971+00:00,Assess if security failures typically involve more complex adversarial chains than safety/privacy failures by comparing technique counts.,"The experiment successfully loaded the dataset (n=52) and tested the hypothesis that Security-related harms involve higher attack complexity (technique counts) than other harm types.

**Data Grouping:",EXP_071_node_5_13
72,node_6_6,SUCCEEDED,'Integration Readiness' competency statements require more verbose definitions (higher word count) to capture technical nuance compared to 'Trust Readiness' statements.,0.4839,Uncertain,0.124,Likely False,-0.4177,Strong Negative (hypothesis contradicted),True,node_5_8,0,228.6,2026-02-20T23:50:03.062535+00:00,Analyze the linguistic complexity/verbosity of competency statements across bundles.,The experiment tested the hypothesis that 'Integration Readiness' competency statements are more verbose than 'Trust Readiness' statements due to technical nuance. The analysis of `step2_competency_st,EXP_072_node_6_6
73,node_5_14,SUCCEEDED,"Competencies supported by 'High' confidence literature evidence map to a significantly higher number of architecture controls than those with 'Medium' or 'Low' confidence, implying that well-understood requirements are more technically prescriptive.",0.6613,Maybe True,0.1694,Likely False,-0.5709,Strong Negative (hypothesis contradicted),True,node_4_22,0,200.4,2026-02-20T23:54:24.710954+00:00,Correlate the strength of literature evidence with the density of architectural mappings by comparing control counts between high and low/medium confidence groups.,"The experiment successfully loaded 'step2_competency_statements.csv' and tested the hypothesis that evidence confidence correlates with architectural control density. 

**Key Findings:**
- **Descripti",EXP_073_node_5_14
74,node_4_23,SUCCEEDED,"Incidents categorized as 'Security' harms implicate a significantly higher number of missing sub-competencies per case than 'Non-Security' (e.g., Privacy, Reliability) incidents, due to the multi-stage nature of adversarial attacks.",0.7097,Likely True,0.2128,Likely False,-0.5767,Strong Negative (hypothesis contradicted),True,node_3_17,1,186.9,2026-02-20T23:54:24.711921+00:00,Compare the mean count of mapped sub-competencies between Security and Non-Security incidents.,"The experiment successfully tested the hypothesis that 'Security' incidents implicate a significantly higher number of missing sub-competencies than 'Non-Security' incidents. 

**Key Findings:**
- **D",EXP_074_node_4_23
75,node_5_15,SUCCEEDED,"AI incidents classified as 'Security' harms are significantly more likely to manifest as 'Prevention Failures', whereas non-security incidents (Reliability, Privacy, etc.) are significantly more likely to manifest as 'Detection' or 'Response' failures.",0.5645,Maybe True,0.1446,Likely False,-0.4873,Strong Negative (hypothesis contradicted),True,node_4_17,0,241.8,2026-02-20T23:57:47.219108+00:00,Assess whether failure modes differ significantly by harm type (Security vs. Other) using the incident coding dataset.,The experiment successfully tested the hypothesis that failure modes differ by harm type using Fisher's Exact Test on 52 incidents from 'step3_incident_coding.csv'. The data revealed an extreme imbala,EXP_075_node_5_15
76,node_4_24,SUCCEEDED,"Incidents resulting in 'Security' harms are significantly more strongly associated with 'Integration Readiness' gaps compared to incidents resulting in Non-Security harms (Privacy, Reliability, etc.), which skew towards 'Trust Readiness'.",0.7419,Likely True,0.2459,Likely False,-0.5757,Strong Negative (hypothesis contradicted),True,node_3_5,1,219.4,2026-02-20T23:57:47.220939+00:00,Determine if specific harm types correlate with the type of competency gap (Engineering vs. Governance).,The experiment successfully tested the hypothesis that 'Security' harm incidents are more strongly associated with 'Integration Readiness' gaps (engineering failures) compared to 'Non-Security' harms ,EXP_076_node_4_24
77,node_4_25,SUCCEEDED,"The number of backing literature citations for a competency statement is positively correlated with the number of applicable architecture controls, suggesting that more complex technical requirements (higher control fan-out) are supported by a broader evidentiary base.",0.7339,Likely True,0.5661,Maybe True,-0.1947,Mild Negative (hypothesis weakened),True,node_3_12,0,235.0,2026-02-21T00:01:51.139333+00:00,Assess the correlation between evidence volume and technical complexity.,The experiment successfully loaded the 'step2_competency_statements.csv' dataset and calculated the 'citation_count' (evidence volume) and 'control_count' (technical complexity) for all 42 competency ,EXP_077_node_4_25
78,node_3_19,SUCCEEDED,"Sub-competencies in the 'Trust Readiness' bundle exhibit higher 'Harm Entropy' (diversity of resulting harm types) than 'Integration Readiness' sub-competencies, which are more narrowly focused on security harms.",0.7396,Likely True,0.3136,Maybe False,-0.4944,Strong Negative (hypothesis contradicted),True,node_2_6,0,206.4,2026-02-21T00:01:51.140890+00:00,Compare the diversity of harm types associated with each bundle.,The experiment successfully tested the hypothesis that 'Trust Readiness' sub-competencies exhibit higher harm entropy (diversity of harm types) than 'Integration Readiness' ones. The code successfully,EXP_078_node_3_19
79,node_4_26,SUCCEEDED,Competency statements classified as 'Trust Readiness' are supported by significantly higher evidence confidence levels in the literature compared to 'Integration Readiness' competencies.,0.5565,Maybe True,0.1426,Likely False,-0.4804,Strong Negative (hypothesis contradicted),True,node_3_6,1,172.3,2026-02-21T00:05:47.946328+00:00,Assess if governance/policy competencies are more firmly established in literature than emerging technical/integration competencies.,The experiment tested the hypothesis that 'Trust Readiness' competencies are supported by significantly higher evidence confidence levels than 'Integration Readiness' competencies. The analysis of 42 ,EXP_079_node_4_26
80,node_5_16,SUCCEEDED,"The distribution of governance requirements across architecture controls follows a Pareto principle (80/20 rule), where a small minority of controls address the vast majority of compliance obligations.",0.7419,Likely True,0.376,Maybe False,-0.4247,Strong Negative (hypothesis contradicted),True,node_4_15,0,209.5,2026-02-21T00:05:47.948115+00:00,Determine if specific architecture controls act as 'compliance hubs' while others are niche.,The experiment tested the hypothesis that architecture controls follow a strict Pareto (80/20) distribution regarding governance compliance. The results refute the strict 80/20 hypothesis but confirm ,EXP_080_node_5_16
81,node_5_17,SUCCEEDED,"Incidents classified as 'Security' harm types are significantly more likely to manifest as 'Prevention Failures' compared to 'Reliability' incidents, which are more likely to manifest as Detection or Response failures.",0.7581,Likely True,0.374,Maybe False,-0.4458,Strong Negative (hypothesis contradicted),True,node_4_19,0,165.1,2026-02-21T00:09:19.695873+00:00,Analyze the relationship between harm type and failure mode to understand if security issues are predominantly preventative gaps.,The experiment successfully loaded the 'step3_incident_coding.csv' dataset and filtered for 'Security' (n=36) and 'Reliability' (n=4) incidents. The analysis revealed a near-total dominance of 'Preven,EXP_081_node_5_17
82,node_4_27,SUCCEEDED,"'Prevention Failures' are disproportionately represented in 'Integration-dominant' incidents, while 'Detection' and 'Response' failures are disproportionately represented in 'Trust-dominant' incidents, suggesting that technical controls are the primary gatekeepers while governance is responsible for oversight and reaction.",0.7339,Likely True,0.5771,Maybe True,-0.1819,Mild Negative (hypothesis weakened),True,node_3_8,0,164.5,2026-02-21T00:09:19.696910+00:00,Investigate the relationship between the mode of failure and the type of competency gap.,"The experiment was successfully executed but revealed that the dataset lacks sufficient variance to support the hypothesis. Out of 52 total incidents, only 6 were classified as purely 'trust-dominant'",EXP_082_node_4_27
83,node_4_28,SUCCEEDED,Incidents dominated by 'Integration Readiness' gaps involve a significantly higher number of distinct attack techniques than incidents dominated by 'Trust Readiness' gaps.,0.6855,Maybe True,0.6281,Maybe True,-0.0666,Mild Negative (hypothesis weakened),False,node_3_9,0,301.3,2026-02-21T00:12:08.020205+00:00,Assess whether engineering failures involve more complex attack chains than governance failures.,"The experiment successfully analyzed the complexity of attack chains (measured by 'technique_count') across different competency gap types. 

**Findings:**
1.  **Sample Size Limitations:** The majorit",EXP_083_node_4_28
84,node_3_20,SUCCEEDED,"GenAI-specific architecture controls (e.g., RAG, Prompt Management) are significantly under-represented in the governance crosswalk compared to Traditional AI controls (e.g., Logging, Risk Policy), indicating a regulatory lag.",0.7903,Likely True,0.3884,Maybe False,-0.4664,Strong Negative (hypothesis contradicted),True,node_2_3,0,325.2,2026-02-21T00:12:08.021193+00:00,Compare the frequency of governance mappings between GenAI-native architecture controls and Traditional AI controls to quantify regulatory coverage gaps.,"The experiment analyzed the 'regulatory gap' by comparing the mapping frequency of GenAI-native architecture controls (n=7) versus Traditional AI controls (n=9) in the governance crosswalk. 

**Findin",EXP_084_node_3_20
85,node_5_18,SUCCEEDED,"Integration Readiness sub-competencies exhibit significantly higher variance in incident coverage than Trust Readiness sub-competencies, indicating that engineering risks cluster around specific 'hotspots' rather than being uniformly distributed.",0.6944,Maybe True,0.0631,Definitely False,-0.7327,Strong Negative (hypothesis contradicted),True,node_4_22,0,275.2,2026-02-21T00:17:34.791507+00:00,Compare the variance of incident counts between 'Trust Readiness' and 'Integration Readiness' bundles to assess risk concentration.,"The experiment successfully loaded the 'step3_coverage_map.csv' dataset and compared the variance of incident counts between 'Trust Readiness' and 'Integration Readiness' sub-competencies. 

Key Findi",EXP_085_node_5_18
86,node_5_19,SUCCEEDED,"Incidents categorized as 'Supply Chain' harms are associated with a significantly higher number of missing sub-competencies than 'Reliability' harms, due to the structural/systemic nature of supply chain compromises.",0.5484,Uncertain,0.2459,Likely False,-0.3511,Strong Negative (hypothesis contradicted),True,node_4_23,0,246.2,2026-02-21T00:17:34.797754+00:00,Compare the competency gap breadth between Supply Chain and Reliability incidents.,"The experiment successfully loaded 'step3_enrichments.json' and compared the competency gap breadth between 'Supply Chain' and 'Reliability' incidents.

**Key Findings:**
- **Sample Size:** The datase",EXP_086_node_5_19
87,node_6_7,SUCCEEDED,"Requirements originating from 'Normative' frameworks (e.g., EU AI Act, NIST AI RMF) are significantly more likely to be classified as 'Trust Readiness', whereas 'Technical' sources (e.g., OWASP, NIST GenAI Profile) map to 'Integration Readiness'.",0.7581,Likely True,0.7521,Likely True,-0.007,Neutral (no significant belief shift),False,node_5_2,0,172.2,2026-02-21T00:22:12.187716+00:00,Validate whether the source framework type predicts the resulting competency bundle.,"The experiment successfully tested the hypothesis that the source framework type (Normative vs. Technical) predicts the competency bundle (Trust vs. Integration). 

**Descriptive Statistics:**
- **Nor",EXP_087_node_6_7
88,node_5_20,SUCCEEDED,"Sub-competencies within the 'Trust Readiness' bundle cover a significantly broader range of distinct harm types per competency than 'Integration Readiness' sub-competencies, which tend to address specific, narrower risk vectors.",0.7407,Likely True,0.2286,Likely False,-0.5944,Strong Negative (hypothesis contradicted),True,node_4_0,0,266.7,2026-02-21T00:22:12.189604+00:00,Analyze the 'risk entropy' or breadth of scope for sub-competencies in each bundle by comparing the count of distinct harm types addressed.,"The experiment successfully analyzed the 'risk entropy' of sub-competencies using 'step3_coverage_map.csv'.

**Descriptive Statistics:**
- **Trust Readiness (n=8):** Mean = 1.50 distinct harm types (S",EXP_088_node_5_20
89,node_5_21,SUCCEEDED,"Requirements sourced from the 'OWASP Top 10 LLM' are significantly more likely to map to 'Integration Readiness' competencies, whereas 'NIST AI RMF' requirements map to 'Trust Readiness', verifying a distinct 'Security vs. Risk' framework bias.",0.7419,Likely True,0.9339,Definitely True,0.2228,Mild Positive (hypothesis somewhat supported),True,node_4_24,0,192.6,2026-02-21T00:26:41.311079+00:00,Test for framework bias in competency classification.,"The experiment successfully tested the hypothesis that governance frameworks exhibit distinct biases, specifically that 'OWASP Top 10 LLM' targets 'Integration Readiness' (engineering) while 'NIST AI ",EXP_089_node_5_21
90,node_5_22,SUCCEEDED,"Normative governance frameworks (e.g., NIST, EU AI Act) are significantly more likely to map to 'Trust Readiness' competencies, whereas technical guidelines (e.g., OWASP) are significantly more likely to map to 'Integration Readiness' competencies.",0.9355,Definitely True,0.9835,Definitely True,0.0557,Mild Positive (hypothesis somewhat supported),False,node_4_17,0,140.8,2026-02-21T00:26:41.312673+00:00,Determine if there is a statistically significant association between the source of the requirement (Governance vs. Technical) and the resulting competency bundle.,"The experiment successfully tested the hypothesis that the source of a governance requirement dictates its competency bundle. Processing the 'step2_crosswalk_matrix.csv' dataset (n=42), requirements w",EXP_090_node_5_22
91,node_4_29,SUCCEEDED,"Regulatory frameworks (e.g., EU AI Act) generate a significantly higher proportion of 'Trust Readiness' requirements compared to technical frameworks (e.g., OWASP Top 10 LLM), which skew towards 'Integration Readiness'.",0.9435,Definitely True,0.4277,Maybe False,-0.5987,Strong Negative (hypothesis contradicted),True,node_3_6,0,267.5,2026-02-21T00:29:56.256540+00:00,Determine if the source of a governance mandate predicts its domain classification (Trust vs. Integration).,"The experiment successfully tested the hypothesis that regulatory frameworks generate more 'Trust Readiness' requirements while technical frameworks skew towards 'Integration Readiness'. 

1. **Data L",EXP_091_node_4_29
92,node_5_23,SUCCEEDED,"Incidents precipitated by external threat actors are significantly more likely to exploit 'Integration Readiness' gaps, whereas insider or accidental incidents are more likely to involve 'Trust Readiness' gaps.",0.7419,Likely True,0.376,Maybe False,-0.4247,Strong Negative (hypothesis contradicted),True,node_4_26,0,202.2,2026-02-21T00:29:56.267317+00:00,Determine if the threat actor type (External vs. Internal) predicts the type of competency failure.,"The experiment tested the hypothesis that incidents precipitated by external threat actors are more likely to exploit 'Integration Readiness' gaps, while insider incidents exploit 'Trust Readiness' ga",EXP_092_node_5_23
93,node_6_8,SUCCEEDED,"Sub-competencies within the 'Integration Readiness' bundle exhibit a significantly higher frequency of observed real-world incidents than those in the 'Trust Readiness' bundle, indicating a gap in technical robustness.",0.6471,Maybe True,0.1028,Likely False,-0.6317,Strong Negative (hypothesis contradicted),True,node_5_8,0,235.4,2026-02-21T00:34:25.795516+00:00,Compare the empirical failure rates of Trust vs. Integration sub-competencies.,The experiment tested the hypothesis that 'Integration Readiness' sub-competencies exhibit a significantly higher frequency of real-world incidents than 'Trust Readiness' sub-competencies. The analysi,EXP_093_node_6_8
94,node_6_9,SUCCEEDED,"Incidents that involve 'Tool Use' or 'Plugin' execution techniques exhibit a significantly higher 'Technique Count' than non-tool-use incidents, reflecting the compounding complexity of agentic attack surfaces.",0.75,Likely True,0.1921,Likely False,-0.6474,Strong Negative (hypothesis contradicted),True,node_5_13,1,301.1,2026-02-21T00:34:25.797435+00:00,Test if agentic/tool-use features inherently increase attack complexity.,"The experiment successfully tested the hypothesis that incidents involving 'Tool Use' or 'Plugin' execution imply higher attack complexity. Using the 'step3_incident_coding.csv' dataset, incidents wer",EXP_094_node_6_9
95,node_5_24,SUCCEEDED,"The proportion of 'Societal' harms (Bias, Privacy) has significantly increased in the post-2023 era (Generative AI boom) compared to the pre-2023 era, while 'Security' harms have proportionally decreased.",0.7419,Likely True,0.376,Maybe False,-0.4247,Strong Negative (hypothesis contradicted),True,node_4_2,0,224.1,2026-02-21T00:39:29.517948+00:00,Assess the temporal shift in AI risk profiles.,"The experiment successfully analyzed the temporal shift in AI incident harm types using 'step3_incident_coding.csv'. 

**Data Processing:**
The code successfully parsed dates and categorized 49 releva",EXP_095_node_5_24
96,node_7_1,SUCCEEDED,"There is a significant positive correlation between the number of 'Trust' deficiencies and 'Integration' deficiencies in single incidents, supporting the 'Joint Failure' theory.",0.75,Likely True,0.1921,Likely False,-0.6474,Strong Negative (hypothesis contradicted),True,node_6_9,0,211.7,2026-02-21T00:39:29.519410+00:00,Test if failures in Trust sub-competencies co-occur with failures in Integration sub-competencies.,"The experiment successfully loaded the 'step3_incident_coding.csv' dataset (n=52) and analyzed the relationship between Trust Readiness (TR) and Integration Readiness (IR) competency gaps. 

**Data Pr",EXP_096_node_7_1
97,node_5_25,SUCCEEDED,"Sub-competencies within the 'Integration Readiness' bundle map to a significantly higher mean number of unique adversarial tactics than those in the 'Trust Readiness' bundle, indicating a broader technical attack surface.",0.7419,Likely True,0.1901,Likely False,-0.6405,Strong Negative (hypothesis contradicted),True,node_4_21,0,232.6,2026-02-21T00:43:15.806745+00:00,Compare the tactical breadth of Trust vs Integration competencies.,"The experiment successfully loaded the 'step3_tactic_frequency.csv' dataset and compared the tactical breadth of the two competency bundles. The analysis included 9 sub-competencies (5 Trust, 4 Integr",EXP_097_node_5_25
98,node_4_30,SUCCEEDED,The cognitive effort required to analyze an incident (proxy: length of LLM 'chain_of_thought') correlates positively with the incident's severity (proxy: number of competency gaps identified).,0.7419,Likely True,0.7417,Likely True,-0.0002,Neutral (no significant belief shift),False,node_3_16,0,206.4,2026-02-21T00:43:15.807732+00:00,Explore the relationship between analytical complexity and incident severity.,The experiment tested the hypothesis that the analytical effort (proxy: length of LLM 'chain_of_thought') correlates with incident severity (proxy: number of competency gaps). Analysis of 52 incidents,EXP_098_node_4_30
99,node_5_26,SUCCEEDED,"The 'GOVERN' function requirements are significantly more likely to map to 'Trust Readiness' competencies, while 'MAP', 'MEASURE', and 'MANAGE' functions are significantly more likely to map to 'Integration Readiness', confirming the strategic vs. operational split of the framework.",0.7742,Likely True,0.9421,Definitely True,0.1949,Mild Positive (hypothesis somewhat supported),True,node_4_7,0,181.4,2026-02-21T00:47:10.648974+00:00,To validate the alignment between standard AI RMF functions and the derived Trust/Integration bundles.,"The experiment successfully validated the hypothesis that 'GOVERN' functions align with 'Trust Readiness' while operational functions ('MAP', 'MEASURE', 'MANAGE') align with 'Integration Readiness'.

",EXP_099_node_5_26
100,node_6_10,SUCCEEDED,"Incidents resulting in 'Security' harms exhibit a significantly higher mean 'Technique Count' compared to incidents resulting in non-security harms (e.g., Privacy, Reliability, Bias), indicating greater adversarial complexity.",0.7419,Likely True,0.1901,Likely False,-0.6405,Strong Negative (hypothesis contradicted),True,node_5_3,0,203.1,2026-02-21T00:47:10.671816+00:00,Validate whether security incidents are inherently more complex (in terms of ATLAS techniques) than other harm types.,The experiment successfully tested the hypothesis that security incidents involve a higher number of adversarial techniques (indicating greater complexity) compared to other harm types. Using the 'ste,EXP_100_node_6_10
